my_id,side,chromo,pos,strand,context,TE,TSD
ERVB4_2B-LTR_MM,start,Chr10,494649,+,CAAGCTAGGTCCAGTGTGATTCTCT,TGTTGGGAGCCATTAAGGCAACGCTATTGTCCTGATCTCTGAATTGGGCCTCTCCCCCTGAGAAGAAAAGGGGGTCAAAA,TTCTCT
ERVB4_2B-LTR_MM,end,Chr10,494649,+,TTCTCTTCCTGCCACCTGGCGATCC,GTCTCTCTCTACCCCCCATTTGGTTATTAGGAGGAGGTCCCCTCGAGATCCTCGAATAACTGGACCTGCTGGACGGGTCA,TTCTCT
ERVB4_2B-LTR_MM,start,Chr10,1757015,+,GACAAGAAGAACTCATTAAATATTC,TGTTGGGAGCCATTAAGGCAACGCTATTGTCCTGATCTCTGAATTGGGCCTCTCCCCCTGAGAAGAAAAGGGGGTCAAAA,ATATTC
ERVB4_2B-LTR_MM,end,Chr10,1757015,+,ATATTCATACTTAACAAGGAGGTCT,GTCTCTCTCTACCCCCCATTTGGTTATTAGGAGGAGGTCCCCTCGAGATCCTCGAATAACTGGACCTGCTGGACGGGTCA,ATATTC
ERVB4_2B-LTR_MM,start,Chr10,1758840,+,TCCTGTGATGGAGGCAGGGAACTTA,TGTTGGGAGCCATTAAGGCAACGCTATTGTCCTGATCTCTGAATTGGGCCTCTCCCCCTGAGAAGAAAAGGGGGTCAAAA,AACTTA
ERVB4_2B-LTR_MM,end,Chr10,1758840,+,AACTTACTCCTGCATGTTGTCTACA,GTCTCTCTCTACCCCCCATTTGGTTATTAGGAGGAGGTCCCCTCGAGATCCTCGAATAACTGGACCTGCTGGACGGGTCA,AACTTA
ERVB4_2B-LTR_MM,start,Chr10,1979281,+,TGCACCAATTAAAGTTAAATACAAA,TGTTGGGAGCCATTAAGGCAACGCTATTGTCCTGATCTCTGAATTGGGCCTCTCCCCCTGAGAAGAAAAGGGGGTCAAAA,TACAAA
ERVB4_2B-LTR_MM,end,Chr10,1979281,+,TACAAAGAGGAAAGAAACATGTCCG,GTCTCTCTCTACCCCCCATTTGGTTATTAGGAGGAGGTCCCCTCGAGATCCTCGAATAACTGGACCTGCTGGACGGGTCA,TACAAA
ERVB4_2B-LTR_MM,start,Chr10,1994400,+,TTATAAGGACTGATACTACAAATTA,TGTTGGGAGCCATTAAGGCAACGCTATTGTCCTGATCTCTGAATTGGGCCTCTCCCCCTGAGAAGAAAAGGGGGTCAAAA,AAATTA
ERVB4_2B-LTR_MM,end,Chr10,1994400,+,AAATTAAAAGGAAAGCACACAAAAT,GTCTCTCTCTACCCCCCATTTGGTTATTAGGAGGAGGTCCCCTCGAGATCCTCGAATAACTGGACCTGCTGGACGGGTCA,AAATTA
ERVB4_2B-LTR_MM,start,Chr10,2037668,+,ACAAAGGAAATTTGACATGATTTTG,TGTTGGGAGCCATTAAGGCAACGCTATTGTCCTGATCTCTGAATTGGGCCTCTCCCCCTGAGAAGAAAAGGGGGTCAAAA,ATTTTG
ERVB4_2B-LTR_MM,end,Chr10,2037668,+,ATTTTGCCATCATTTTGAATGATAG,GTCTCTCTCTACCCCCCATTTGGTTATTAGGAGGAGGTCCCCTCGAGATCCTCGAATAACTGGACCTGCTGGACGGGTCA,ATTTTG
ERVB4_2B-LTR_MM,start,Chr10,2306332,+,TTTTTATTTGCAGGATAACCAGTTT,TGTTGGGAGCCATTAAGGCAACGCTATTGTCCTGATCTCTGAATTGGGCCTCTCCCCCTGAGAAGAAAAGGGGGTCAAAA,CAGTTT
ERVB4_2B-LTR_MM,end,Chr10,2306332,+,CAGTTTTAACTAGTAGATATCTTTG,GTCTCTCTCTACCCCCCATTTGGTTATTAGGAGGAGGTCCCCTCGAGATCCTCGAATAACTGGACCTGCTGGACGGGTCA,CAGTTT
ERVB4_2B-LTR_MM,start,Chr10,2417806,+,GCCCTCAGTTCTTTCAACCAGAAGT,TGTTGGGAGCCATTAAGGCAACGCTATTGTCCTGATCTCTGAATTGGGCCTCTCCCCCTGAGAAGAAAAGGGGGTCAAAA,AGAAGT
ERVB4_2B-LTR_MM,end,Chr10,2417806,+,AGAAGTGAAAGCATTTCTTAAGACT,GTCTCTCTCTACCCCCCATTTGGTTATTAGGAGGAGGTCCCCTCGAGATCCTCGAATAACTGGACCTGCTGGACGGGTCA,AGAAGT
ERVB4_2B-LTR_MM,start,Chr10,2937773,+,GGAGTCACACGTCTGTACACATTTG,TGTTGGGAGCCATTAAGGCAACGCTATTGTCCTGATCTCTGAATTGGGCCTCTCCCCCTGAGAAGAAAAGGGGGTCAAAA,CATTTG
ERVB4_2B-LTR_MM,end,Chr10,2937773,+,CATTTGCATGCATGTATATTCATGT,GTCTCTCTCTACCCCCCATTTGGTTATTAGGAGGAGGTCCCCTCGAGATCCTCGAATAACTGGACCTGCTGGACGGGTCA,CATTTG
ERVB4_2B-LTR_MM,start,Chr10,3349240,+,ACTCCTCTCAAGCAAATGAGAAACT,TGTTGGGAGCCATTAAGGCAACGCTATTGTCCTGATCTCTGAATTGGGCCTCTCCCCCTGAGAAGAAAAGGGGGTCAAAA,GAAACT
ERVB4_2B-LTR_MM,end,Chr10,3349240,+,GAAACTCAATCAGGTACTGAGGAAG,GTCTCTCTCTACCCCCCATTTGGTTATTAGGAGGAGGTCCCCTCGAGATCCTCGAATAACTGGACCTGCTGGACGGGTCA,GAAACT
ERVB4_2B-LTR_MM,start,Chr10,3350659,+,ACCCTTCATGCTGCCATGGATTGAA,TGTTGGGAGCCATTAAGGCAACGCTATTGTCCTGATCTCTGAATTGGGCCTCTCCCCCTGAGAAGAAAAGGGGGTCAAAA,ATTGAA
ERVB4_2B-LTR_MM,end,Chr10,3350659,+,ATTGAAGCCATGATTACAAAGAATC,GTCTCTCTCTACCCCCCATTTGGTTATTAGGAGGAGGTCCCCTCGAGATCCTCGAATAACTGGACCTGCTGGACGGGTCA,ATTGAA
ERVB4_2B-LTR_MM,start,Chr10,3729975,+,ATGGCTTCCCTGATTCTCACACTGG,TGTTGGGAGCCATTAAGGCAACGCTATTGTCCTGATCTCTGAATTGGGCCTCTCCCCCTGAGAAGAAAAGGGGGTCAAAA,CACTGG
ERVB4_2B-LTR_MM,end,Chr10,3729975,+,CACTGGACATGCCCATCATGTAACA,GTCTCTCTCTACCCCCCATTTGGTTATTAGGAGGAGGTCCCCTCGAGATCCTCGAATAACTGGACCTGCTGGACGGGTCA,CACTGG
ERVB4_2B-LTR_MM,start,Chr10,4610240,+,ATCGAACAGGTTAGCAGTACTTATT,TGTTGGGAGCCATTAAGGCAACGCTATTGTCCTGATCTCTGAATTGGGCCTCTCCCCCTGAGAAGAAAAGGGGGTCAAAA,CTTATT
ERVB4_2B-LTR_MM,end,Chr10,4610240,+,CTTATTATTTCTAAGCCTGGGGTCA,GTCTCTCTCTACCCCCCATTTGGTTATTAGGAGGAGGTCCCCTCGAGATCCTCGAATAACTGGACCTGCTGGACGGGTCA,CTTATT
ERVB4_2B-LTR_MM,start,Chr10,4989344,+,TAGGAAGATCCACACAGCATGGTCT,TGTTGGGAGCCATTAAGGCAACGCTATTGTCCTGATCTCTGAATTGGGCCTCTCCCCCTGAGAAGAAAAGGGGGTCAAAA,TGGTCT
ERVB4_2B-LTR_MM,end,Chr10,4989344,+,TGGTCTCACTTGTGGATAGAATCTG,GTCTCTCTCTACCCCCCATTTGGTTATTAGGAGGAGGTCCCCTCGAGATCCTCGAATAACTGGACCTGCTGGACGGGTCA,TGGTCT
ERVB4_2B-LTR_MM,start,Chr10,4992416,+,TTACAATAGTTAACTTCCTGAGTAG,TGTTGGGAGCCATTAAGGCAACGCTATTGTCCTGATCTCTGAATTGGGCCTCTCCCCCTGAGAAGAAAAGGGGGTCAAAA,GAGTAG
ERVB4_2B-LTR_MM,end,Chr10,4992416,+,GAGTAGTGGAAATAAATATCAATTT,GTCTCTCTCTACCCCCCATTTGGTTATTAGGAGGAGGTCCCCTCGAGATCCTCGAATAACTGGACCTGCTGGACGGGTCA,GAGTAG
ERVB4_2B-LTR_MM,start,Chr10,5391956,+,TGGCTGCTCTTCCAGAGTCCTTAGT,TGTTGGGAGCCATTAAGGCAACGCTATTGTCCTGATCTCTGAATTGGGCCTCTCCCCCTGAGAAGAAAAGGGGGTCAAAA,CTTAGT
ERVB4_2B-LTR_MM,end,Chr10,5391956,+,CTTAGTTCAATTCCCAGCCACCTCA,GTCTCTCTCTACCCCCCATTTGGTTATTAGGAGGAGGTCCCCTCGAGATCCTCGAATAACTGGACCTGCTGGACGGGTCA,CTTAGT
ERVB4_2B-LTR_MM,start,Chr10,5439349,+,TATTTGTAAAAATTAAAAAAAAATT,TGTTGGGAGCCATTAAGGCAACGCTATTGTCCTGATCTCTGAATTGGGCCTCTCCCCCTGAGAAGAAAAGGGGGTCAAAA,AAAATT
ERVB4_2B-LTR_MM,end,Chr10,5439349,+,AAAATTTTTATGAGTGTTTTGCTTG,GTCTCTCTCTACCCCCCATTTGGTTATTAGGAGGAGGTCCCCTCGAGATCCTCGAATAACTGGACCTGCTGGACGGGTCA,AAAATT
ERVB4_2B-LTR_MM,start,Chr10,6344126,+,AACAACAACAACAAGCCAAAAGGCC,TGTTGGGAGCCATTAAGGCAACGCTATTGTCCTGATCTCTGAATTGGGCCTCTCCCCCTGAGAAGAAAAGGGGGTCAAAA,AAGGCC
ERVB4_2B-LTR_MM,end,Chr10,6344126,+,AAGGCCCCAGTGCACTCACTAGTAG,GTCTCTCTCTACCCCCCATTTGGTTATTAGGAGGAGGTCCCCTCGAGATCCTCGAATAACTGGACCTGCTGGACGGGTCA,AAGGCC
ERVB4_2B-LTR_MM,start,Chr10,6546931,+,AACAAGCACTCTTAACTGGTGAACT,TGTTGGGAGCCATTAAGGCAACGCTATTGTCCTGATCTCTGAATTGGGCCTCTCCCCCTGAGAAGAAAAGGGGGTCAAAA,TGAACT
ERVB4_2B-LTR_MM,end,Chr10,6546931,+,TGAACTGTCTCTCCAGTCCCCCATT,GTCTCTCTCTACCCCCCATTTGGTTATTAGGAGGAGGTCCCCTCGAGATCCTCGAATAACTGGACCTGCTGGACGGGTCA,TGAACT
ERVB4_2B-LTR_MM,start,Chr10,6758018,+,GGGTTCCAAAGGCAGGCAACAGAAT,TGTTGGGAGCCATTAAGGCAACGCTATTGTCCTGATCTCTGAATTGGGCCTCTCCCCCTGAGAAGAAAAGGGGGTCAAAA,CAGAAT
ERVB4_2B-LTR_MM,end,Chr10,6758018,+,CAGAATCAGAGACGGCTCCTGCCAC,GTCTCTCTCTACCCCCCATTTGGTTATTAGGAGGAGGTCCCCTCGAGATCCTCGAATAACTGGACCTGCTGGACGGGTCA,CAGAAT
ERVB4_2B-LTR_MM,start,Chr10,7203960,+,GTGTGGAGGCCACAAGCCAGCCTAC,TGTTGGGAGCCATTAAGGCAACGCTATTGTCCTGATCTCTGAATTGGGCCTCTCCCCCTGAGAAGAAAAGGGGGTCAAAA,GCCTAC
ERVB4_2B-LTR_MM,end,Chr10,7203960,+,GCCTACATGTAGGAGTTCCCTCTTT,GTCTCTCTCTACCCCCCATTTGGTTATTAGGAGGAGGTCCCCTCGAGATCCTCGAATAACTGGACCTGCTGGACGGGTCA,GCCTAC
ERVB4_2B-LTR_MM,start,Chr10,7219011,+,AAAGGTTGATCCTGGATGCCTGCCC,TGTTGGGAGCCATTAAGGCAACGCTATTGTCCTGATCTCTGAATTGGGCCTCTCCCCCTGAGAAGAAAAGGGGGTCAAAA,CTGCCC
ERVB4_2B-LTR_MM,end,Chr10,7219011,+,CTGCCCACCGAAGAGATGAAATTCA,GTCTCTCTCTACCCCCCATTTGGTTATTAGGAGGAGGTCCCCTCGAGATCCTCGAATAACTGGACCTGCTGGACGGGTCA,CTGCCC
ERVB4_2B-LTR_MM,start,Chr10,7365391,+,TAAAGCGCGGGGTTTCTACCCCGGC,TGTTGGGAGCCATTAAGGCAACGCTATTGTCCTGATCTCTGAATTGGGCCTCTCCCCCTGAGAAGAAAAGGGGGTCAAAA,CCCGGC
ERVB4_2B-LTR_MM,end,Chr10,7365391,+,CCCGGCAGTCTGGCATTGCACCAAC,GTCTCTCTCTACCCCCCATTTGGTTATTAGGAGGAGGTCCCCTCGAGATCCTCGAATAACTGGACCTGCTGGACGGGTCA,CCCGGC
ERVB4_2B-LTR_MM,start,Chr10,7619959,+,TCTGGAAGTAGAACAGGTCAGGATG,TGTTGGGAGCCATTAAGGCAACGCTATTGTCCTGATCTCTGAATTGGGCCTCTCCCCCTGAGAAGAAAAGGGGGTCAAAA,AGGATG
ERVB4_2B-LTR_MM,end,Chr10,7619959,+,AGGATGCCAGAAAATAGCATAACTG,GTCTCTCTCTACCCCCCATTTGGTTATTAGGAGGAGGTCCCCTCGAGATCCTCGAATAACTGGACCTGCTGGACGGGTCA,AGGATG
ERVB4_2B-LTR_MM,start,Chr10,8060963,+,TGGTAAACAGGGGACAATCAAAATA,TGTTGGGAGCCATTAAGGCAACGCTATTGTCCTGATCTCTGAATTGGGCCTCTCCCCCTGAGAAGAAAAGGGGGTCAAAA,AAAATA
ERVB4_2B-LTR_MM,end,Chr10,8060963,+,AAAATATTATCCATCAGTCACTGGA,GTCTCTCTCTACCCCCCATTTGGTTATTAGGAGGAGGTCCCCTCGAGATCCTCGAATAACTGGACCTGCTGGACGGGTCA,AAAATA
ERVB4_2B-LTR_MM,start,Chr10,8176226,+,TATCTCATTGAGTTCTATTCCTCCA,TGTTGGGAGCCATTAAGGCAACGCTATTGTCCTGATCTCTGAATTGGGCCTCTCCCCCTGAGAAGAAAAGGGGGTCAAAA,CCTCCA
ERVB4_2B-LTR_MM,end,Chr10,8176226,+,CCTCCAGGGTATATACCCTGTACAA,GTCTCTCTCTACCCCCCATTTGGTTATTAGGAGGAGGTCCCCTCGAGATCCTCGAATAACTGGACCTGCTGGACGGGTCA,CCTCCA
ERVB4_2B-LTR_MM,start,Chr10,8737900,+,AATGATTGACATTCTATGTGTATAA,TGTTGGGAGCCATTAAGGCAACGCTATTGTCCTGATCTCTGAATTGGGCCTCTCCCCCTGAGAAGAAAAGGGGGTCAAAA,GTATAA
ERVB4_2B-LTR_MM,end,Chr10,8737900,+,GTATAATTTTCATTGTGGGCACCTT,GTCTCTCTCTACCCCCCATTTGGTTATTAGGAGGAGGTCCCCTCGAGATCCTCGAATAACTGGACCTGCTGGACGGGTCA,GTATAA
ERVB4_2B-LTR_MM,start,Chr10,10446127,+,CTCCCCTTCCTCCTCATCTCTTCCT,TGTTGGGAGCCATTAAGGCAACGCTATTGTCCTGATCTCTGAATTGGGCCTCTCCCCCTGAGAAGAAAAGGGGGTCAAAA,CTTCCT
ERVB4_2B-LTR_MM,end,Chr10,10446127,+,CTTCCTGTTCCATCATCCCCAACTT,GTCTCTCTCTACCCCCCATTTGGTTATTAGGAGGAGGTCCCCTCGAGATCCTCGAATAACTGGACCTGCTGGACGGGTCA,CTTCCT
ERVB4_2B-LTR_MM,start,Chr10,10540196,+,GTGTGAGGTTCCTGAAGCCTGCTTG,TGTTGGGAGCCATTAAGGCAACGCTATTGTCCTGATCTCTGAATTGGGCCTCTCCCCCTGAGAAGAAAAGGGGGTCAAAA,TGCTTG
ERVB4_2B-LTR_MM,end,Chr10,10540196,+,TGCTTGCTGCCGCAGGCCAACTTGT,GTCTCTCTCTACCCCCCATTTGGTTATTAGGAGGAGGTCCCCTCGAGATCCTCGAATAACTGGACCTGCTGGACGGGTCA,TGCTTG
ERVB4_2B-LTR_MM,start,Chr10,10926647,+,TCAGAAATCCAACTGGGATTAAAGG,TGTTGGGAGCCATTAAGGCAACGCTATTGTCCTGATCTCTGAATTGGGCCTCTCCCCCTGAGAAGAAAAGGGGGTCAAAA,TAAAGG
ERVB4_2B-LTR_MM,end,Chr10,10926647,+,TAAAGGCGTGAGCCACCACCGTCCA,GTCTCTCTCTACCCCCCATTTGGTTATTAGGAGGAGGTCCCCTCGAGATCCTCGAATAACTGGACCTGCTGGACGGGTCA,TAAAGG
