TEi_id,my_id,side,chromo,pos,strand,ref_te,context,TE,TSD,zygosity
0,ERVB4_2B-LTR_MM,start,Chr10,358516,+,0,TTCATAGTCACGTGACTCTGCTCAC,TGTTGGGAGCCATTAAGGCAACGCTATTGTCCTGATCTCTGAATTGGGCCTCTCCCCCTGAGAAGAAAAGGGGGTCAAAA,,heterozygous
1,ERVB4_2B-LTR_MM,end,Chr10,452995,+,0,ACAAAACTGCACTTACCCTATAATG,GTCTCTCTCTACCCCCCATTTGGTTATTAGGAGGAGGTCCCCTCGAGATCCTCGAATAACTGGACCTGCTGGACGGGTCA,,heterozygous
2,ERVB4_2B-LTR_MM,end,Chr10,494649,+,0,TTCTCTTCCTGCCACCTGGCGATCC,GTCTCTCTCTACCCCCCATTTGGTTATTAGGAGGAGGTCCCCTCGAGATCCTCGAATAACTGGACCTGCTGGACGGGTCA,TTCTCT,homozygous
2,ERVB4_2B-LTR_MM,start,Chr10,494649,+,0,CAAGCTAGGTCCAGTGTGATTCTCT,TGTTGGGAGCCATTAAGGCAACGCTATTGTCCTGATCTCTGAATTGGGCCTCTCCCCCTGAGAAGAAAAGGGGGTCAAAA,TTCTCT,homozygous
3,ERVB4_2B-LTR_MM,start,Chr10,1757015,+,0,GACAAGAAGAACTCATTAAATATTC,TGTTGGGAGCCATTAAGGCAACGCTATTGTCCTGATCTCTGAATTGGGCCTCTCCCCCTGAGAAGAAAAGGGGGTCAAAA,ATATTC,homozygous
3,ERVB4_2B-LTR_MM,end,Chr10,1757015,+,0,ATATTCATACTTAACAAGGAGGTCT,GTCTCTCTCTACCCCCCATTTGGTTATTAGGAGGAGGTCCCCTCGAGATCCTCGAATAACTGGACCTGCTGGACGGGTCA,ATATTC,homozygous
4,ERVB4_2B-LTR_MM,start,Chr10,1758840,+,0,TCCTGTGATGGAGGCAGGGAACTTA,TGTTGGGAGCCATTAAGGCAACGCTATTGTCCTGATCTCTGAATTGGGCCTCTCCCCCTGAGAAGAAAAGGGGGTCAAAA,AACTTA,homozygous
4,ERVB4_2B-LTR_MM,end,Chr10,1758840,+,0,AACTTACTCCTGCATGTTGTCTACA,GTCTCTCTCTACCCCCCATTTGGTTATTAGGAGGAGGTCCCCTCGAGATCCTCGAATAACTGGACCTGCTGGACGGGTCA,AACTTA,homozygous
5,ERVB4_2B-LTR_MM,end,Chr10,1979281,+,0,TACAAAGAGGAAAGAAACATGTCCG,GTCTCTCTCTACCCCCCATTTGGTTATTAGGAGGAGGTCCCCTCGAGATCCTCGAATAACTGGACCTGCTGGACGGGTCA,TACAAA,homozygous
5,ERVB4_2B-LTR_MM,start,Chr10,1979281,+,0,TGCACCAATTAAAGTTAAATACAAA,TGTTGGGAGCCATTAAGGCAACGCTATTGTCCTGATCTCTGAATTGGGCCTCTCCCCCTGAGAAGAAAAGGGGGTCAAAA,TACAAA,homozygous
6,ERVB4_2B-LTR_MM,end,Chr10,1994400,+,0,AAATTAAAAGGAAAGCACACAAAAT,GTCTCTCTCTACCCCCCATTTGGTTATTAGGAGGAGGTCCCCTCGAGATCCTCGAATAACTGGACCTGCTGGACGGGTCA,AAATTA,homozygous
6,ERVB4_2B-LTR_MM,start,Chr10,1994400,+,0,TTATAAGGACTGATACTACAAATTA,TGTTGGGAGCCATTAAGGCAACGCTATTGTCCTGATCTCTGAATTGGGCCTCTCCCCCTGAGAAGAAAAGGGGGTCAAAA,AAATTA,homozygous
7,ERVB4_2B-LTR_MM,end,Chr10,2037668,+,0,ATTTTGCCATCATTTTGAATGATAG,GTCTCTCTCTACCCCCCATTTGGTTATTAGGAGGAGGTCCCCTCGAGATCCTCGAATAACTGGACCTGCTGGACGGGTCA,ATTTTG,homozygous
7,ERVB4_2B-LTR_MM,start,Chr10,2037668,+,0,ACAAAGGAAATTTGACATGATTTTG,TGTTGGGAGCCATTAAGGCAACGCTATTGTCCTGATCTCTGAATTGGGCCTCTCCCCCTGAGAAGAAAAGGGGGTCAAAA,ATTTTG,homozygous
8,ERVB4_2B-LTR_MM,end,Chr10,2306332,+,0,CAGTTTTAACTAGTAGATATCTTTG,GTCTCTCTCTACCCCCCATTTGGTTATTAGGAGGAGGTCCCCTCGAGATCCTCGAATAACTGGACCTGCTGGACGGGTCA,CAGTTT,heterozygous
8,ERVB4_2B-LTR_MM,start,Chr10,2306332,+,0,TTTTTATTTGCAGGATAACCAGTTT,TGTTGGGAGCCATTAAGGCAACGCTATTGTCCTGATCTCTGAATTGGGCCTCTCCCCCTGAGAAGAAAAGGGGGTCAAAA,CAGTTT,heterozygous
9,ERVB4_2B-LTR_MM,start,Chr10,2417806,+,0,GCCCTCAGTTCTTTCAACCAGAAGT,TGTTGGGAGCCATTAAGGCAACGCTATTGTCCTGATCTCTGAATTGGGCCTCTCCCCCTGAGAAGAAAAGGGGGTCAAAA,AGAAGT,homozygous
9,ERVB4_2B-LTR_MM,end,Chr10,2417806,+,0,AGAAGTGAAAGCATTTCTTAAGACT,GTCTCTCTCTACCCCCCATTTGGTTATTAGGAGGAGGTCCCCTCGAGATCCTCGAATAACTGGACCTGCTGGACGGGTCA,AGAAGT,homozygous
10,ERVB4_2B-LTR_MM,end,Chr10,2447624,+,0,AGACGTTTGTATACATGGAATGAAG,GTCTCTCTCTACCCCCCATTTGGTTATTAGGAGGAGGTCCCCTCGAGATCCTCGAATAACTGGACCTGCTGGACGGGTCA,,homozygous
11,ERVB4_2B-LTR_MM,end,Chr10,2514879,+,0,TACATTAATATAATATATATATGCA,GTCTCTCTCTACCCCCCATTTGGTTATTAGGAGGAGGTCCCCTCGAGATCCTCGAATAACTGGACCTGCTGGACGGGTCA,,homozygous
12,ERVB4_2B-LTR_MM,end,Chr10,2937773,+,0,CATTTGCATGCATGTATATTCATGT,GTCTCTCTCTACCCCCCATTTGGTTATTAGGAGGAGGTCCCCTCGAGATCCTCGAATAACTGGACCTGCTGGACGGGTCA,CATTTG,homozygous
12,ERVB4_2B-LTR_MM,start,Chr10,2937773,+,0,GGAGTCACACGTCTGTACACATTTG,TGTTGGGAGCCATTAAGGCAACGCTATTGTCCTGATCTCTGAATTGGGCCTCTCCCCCTGAGAAGAAAAGGGGGTCAAAA,CATTTG,homozygous
13,ERVB4_2B-LTR_MM,start,Chr10,3349240,+,0,ACTCCTCTCAAGCAAATGAGAAACT,TGTTGGGAGCCATTAAGGCAACGCTATTGTCCTGATCTCTGAATTGGGCCTCTCCCCCTGAGAAGAAAAGGGGGTCAAAA,GAAACT,homozygous
13,ERVB4_2B-LTR_MM,end,Chr10,3349240,+,0,GAAACTCAATCAGGTACTGAGGAAG,GTCTCTCTCTACCCCCCATTTGGTTATTAGGAGGAGGTCCCCTCGAGATCCTCGAATAACTGGACCTGCTGGACGGGTCA,GAAACT,homozygous
14,ERVB4_2B-LTR_MM,end,Chr10,3350659,+,0,ATTGAAGCCATGATTACAAAGAATC,GTCTCTCTCTACCCCCCATTTGGTTATTAGGAGGAGGTCCCCTCGAGATCCTCGAATAACTGGACCTGCTGGACGGGTCA,ATTGAA,heterozygous
14,ERVB4_2B-LTR_MM,start,Chr10,3350659,+,0,ACCCTTCATGCTGCCATGGATTGAA,TGTTGGGAGCCATTAAGGCAACGCTATTGTCCTGATCTCTGAATTGGGCCTCTCCCCCTGAGAAGAAAAGGGGGTCAAAA,ATTGAA,heterozygous
15,ERVB4_2B-LTR_MM,end,Chr10,3392810,+,0,CATTTTGGGGCTTGCTTTCATAACC,GTCTCTCTCTACCCCCCATTTGGTTATTAGGAGGAGGTCCCCTCGAGATCCTCGAATAACTGGACCTGCTGGACGGGTCA,,heterozygous
16,ERVB4_2B-LTR_MM,start,Chr10,3604483,+,0,AATGCTTTTGTGAGTCAATGAGCAT,TGTTGGGAGCCATTAAGGCAACGCTATTGTCCTGATCTCTGAATTGGGCCTCTCCCCCTGAGAAGAAAAGGGGGTCAAAA,,heterozygous
17,ERVB4_2B-LTR_MM,end,Chr10,3704267,+,0,ATTTTAGCATAAATATTCAGCAAAT,GTCTCTCTCTACCCCCCATTTGGTTATTAGGAGGAGGTCCCCTCGAGATCCTCGAATAACTGGACCTGCTGGACGGGTCA,,heterozygous
18,ERVB4_2B-LTR_MM,end,Chr10,3729975,+,0,CACTGGACATGCCCATCATGTAACA,GTCTCTCTCTACCCCCCATTTGGTTATTAGGAGGAGGTCCCCTCGAGATCCTCGAATAACTGGACCTGCTGGACGGGTCA,CACTGG,homozygous
18,ERVB4_2B-LTR_MM,start,Chr10,3729975,+,0,ATGGCTTCCCTGATTCTCACACTGG,TGTTGGGAGCCATTAAGGCAACGCTATTGTCCTGATCTCTGAATTGGGCCTCTCCCCCTGAGAAGAAAAGGGGGTCAAAA,CACTGG,homozygous
19,ERVB4_2B-LTR_MM,start,Chr10,4610240,+,0,ATCGAACAGGTTAGCAGTACTTATT,TGTTGGGAGCCATTAAGGCAACGCTATTGTCCTGATCTCTGAATTGGGCCTCTCCCCCTGAGAAGAAAAGGGGGTCAAAA,CTTATT,heterozygous
19,ERVB4_2B-LTR_MM,end,Chr10,4610240,+,0,CTTATTATTTCTAAGCCTGGGGTCA,GTCTCTCTCTACCCCCCATTTGGTTATTAGGAGGAGGTCCCCTCGAGATCCTCGAATAACTGGACCTGCTGGACGGGTCA,CTTATT,heterozygous
20,ERVB4_2B-LTR_MM,start,Chr10,4989344,+,0,TAGGAAGATCCACACAGCATGGTCT,TGTTGGGAGCCATTAAGGCAACGCTATTGTCCTGATCTCTGAATTGGGCCTCTCCCCCTGAGAAGAAAAGGGGGTCAAAA,TGGTCT,homozygous
20,ERVB4_2B-LTR_MM,end,Chr10,4989344,+,0,TGGTCTCACTTGTGGATAGAATCTG,GTCTCTCTCTACCCCCCATTTGGTTATTAGGAGGAGGTCCCCTCGAGATCCTCGAATAACTGGACCTGCTGGACGGGTCA,TGGTCT,homozygous
21,ERVB4_2B-LTR_MM,start,Chr10,4992416,+,0,TTACAATAGTTAACTTCCTGAGTAG,TGTTGGGAGCCATTAAGGCAACGCTATTGTCCTGATCTCTGAATTGGGCCTCTCCCCCTGAGAAGAAAAGGGGGTCAAAA,GAGTAG,homozygous
21,ERVB4_2B-LTR_MM,end,Chr10,4992416,+,0,GAGTAGTGGAAATAAATATCAATTT,GTCTCTCTCTACCCCCCATTTGGTTATTAGGAGGAGGTCCCCTCGAGATCCTCGAATAACTGGACCTGCTGGACGGGTCA,GAGTAG,homozygous
22,ERVB4_2B-LTR_MM,start,Chr10,5181077,+,0,TGGGTGAGGGGAAAGGCACAGAGGA,TGTTGGGAGCCATTAAGGCAACGCTATTGTCCTGATCTCTGAATTGGGCCTCTCCCCCTGAGAAGAAAAGGGGGTCAAAA,,homozygous
23,ERVB4_2B-LTR_MM,start,Chr10,5208505,+,0,TTTATGGATGAATACACTGTAGCTG,TGTTGGGAGCCATTAAGGCAACGCTATTGTCCTGATCTCTGAATTGGGCCTCTCCCCCTGAGAAGAAAAGGGGGTCAAAA,,heterozygous
24,ERVB4_2B-LTR_MM,start,Chr10,5391956,+,0,TGGCTGCTCTTCCAGAGTCCTTAGT,TGTTGGGAGCCATTAAGGCAACGCTATTGTCCTGATCTCTGAATTGGGCCTCTCCCCCTGAGAAGAAAAGGGGGTCAAAA,CTTAGT,homozygous
24,ERVB4_2B-LTR_MM,end,Chr10,5391956,+,0,CTTAGTTCAATTCCCAGCCACCTCA,GTCTCTCTCTACCCCCCATTTGGTTATTAGGAGGAGGTCCCCTCGAGATCCTCGAATAACTGGACCTGCTGGACGGGTCA,CTTAGT,homozygous
25,ERVB4_2B-LTR_MM,start,Chr10,5439349,+,0,TATTTGTAAAAATTAAAAAAAAATT,TGTTGGGAGCCATTAAGGCAACGCTATTGTCCTGATCTCTGAATTGGGCCTCTCCCCCTGAGAAGAAAAGGGGGTCAAAA,AAAATT,homozygous
25,ERVB4_2B-LTR_MM,end,Chr10,5439349,+,0,AAAATTTTTATGAGTGTTTTGCTTG,GTCTCTCTCTACCCCCCATTTGGTTATTAGGAGGAGGTCCCCTCGAGATCCTCGAATAACTGGACCTGCTGGACGGGTCA,AAAATT,homozygous
26,ERVB4_2B-LTR_MM,end,Chr10,6344126,+,0,AAGGCCCCAGTGCACTCACTAGTAG,GTCTCTCTCTACCCCCCATTTGGTTATTAGGAGGAGGTCCCCTCGAGATCCTCGAATAACTGGACCTGCTGGACGGGTCA,AAGGCC,heterozygous
26,ERVB4_2B-LTR_MM,start,Chr10,6344126,+,0,AACAACAACAACAAGCCAAAAGGCC,TGTTGGGAGCCATTAAGGCAACGCTATTGTCCTGATCTCTGAATTGGGCCTCTCCCCCTGAGAAGAAAAGGGGGTCAAAA,AAGGCC,heterozygous
27,ERVB4_2B-LTR_MM,end,Chr10,6546931,+,0,TGAACTGTCTCTCCAGTCCCCCATT,GTCTCTCTCTACCCCCCATTTGGTTATTAGGAGGAGGTCCCCTCGAGATCCTCGAATAACTGGACCTGCTGGACGGGTCA,TGAACT,homozygous
27,ERVB4_2B-LTR_MM,start,Chr10,6546931,+,0,AACAAGCACTCTTAACTGGTGAACT,TGTTGGGAGCCATTAAGGCAACGCTATTGTCCTGATCTCTGAATTGGGCCTCTCCCCCTGAGAAGAAAAGGGGGTCAAAA,TGAACT,homozygous
28,ERVB4_2B-LTR_MM,end,Chr10,6666039,+,0,TGAAGAAGTCCCTGGGGACACCAGG,GTCTCTCTCTACCCCCCATTTGGTTATTAGGAGGAGGTCCCCTCGAGATCCTCGAATAACTGGACCTGCTGGACGGGTCA,,heterozygous
29,ERVB4_2B-LTR_MM,start,Chr10,6758018,+,0,GGGTTCCAAAGGCAGGCAACAGAAT,TGTTGGGAGCCATTAAGGCAACGCTATTGTCCTGATCTCTGAATTGGGCCTCTCCCCCTGAGAAGAAAAGGGGGTCAAAA,CAGAAT,homozygous
29,ERVB4_2B-LTR_MM,end,Chr10,6758018,+,0,CAGAATCAGAGACGGCTCCTGCCAC,GTCTCTCTCTACCCCCCATTTGGTTATTAGGAGGAGGTCCCCTCGAGATCCTCGAATAACTGGACCTGCTGGACGGGTCA,CAGAAT,homozygous
30,ERVB4_2B-LTR_MM,start,Chr10,7203960,+,0,GTGTGGAGGCCACAAGCCAGCCTAC,TGTTGGGAGCCATTAAGGCAACGCTATTGTCCTGATCTCTGAATTGGGCCTCTCCCCCTGAGAAGAAAAGGGGGTCAAAA,GCCTAC,homozygous
30,ERVB4_2B-LTR_MM,end,Chr10,7203960,+,0,GCCTACATGTAGGAGTTCCCTCTTT,GTCTCTCTCTACCCCCCATTTGGTTATTAGGAGGAGGTCCCCTCGAGATCCTCGAATAACTGGACCTGCTGGACGGGTCA,GCCTAC,homozygous
31,ERVB4_2B-LTR_MM,start,Chr10,7219011,+,0,AAAGGTTGATCCTGGATGCCTGCCC,TGTTGGGAGCCATTAAGGCAACGCTATTGTCCTGATCTCTGAATTGGGCCTCTCCCCCTGAGAAGAAAAGGGGGTCAAAA,CTGCCC,heterozygous
31,ERVB4_2B-LTR_MM,end,Chr10,7219011,+,0,CTGCCCACCGAAGAGATGAAATTCA,GTCTCTCTCTACCCCCCATTTGGTTATTAGGAGGAGGTCCCCTCGAGATCCTCGAATAACTGGACCTGCTGGACGGGTCA,CTGCCC,heterozygous
32,ERVB4_2B-LTR_MM,start,Chr10,7365391,+,0,TAAAGCGCGGGGTTTCTACCCCGGC,TGTTGGGAGCCATTAAGGCAACGCTATTGTCCTGATCTCTGAATTGGGCCTCTCCCCCTGAGAAGAAAAGGGGGTCAAAA,CCCGGC,homozygous
32,ERVB4_2B-LTR_MM,end,Chr10,7365391,+,0,CCCGGCAGTCTGGCATTGCACCAAC,GTCTCTCTCTACCCCCCATTTGGTTATTAGGAGGAGGTCCCCTCGAGATCCTCGAATAACTGGACCTGCTGGACGGGTCA,CCCGGC,homozygous
33,ERVB4_2B-LTR_MM,start,Chr10,7619959,+,0,TCTGGAAGTAGAACAGGTCAGGATG,TGTTGGGAGCCATTAAGGCAACGCTATTGTCCTGATCTCTGAATTGGGCCTCTCCCCCTGAGAAGAAAAGGGGGTCAAAA,AGGATG,homozygous
33,ERVB4_2B-LTR_MM,end,Chr10,7619959,+,0,AGGATGCCAGAAAATAGCATAACTG,GTCTCTCTCTACCCCCCATTTGGTTATTAGGAGGAGGTCCCCTCGAGATCCTCGAATAACTGGACCTGCTGGACGGGTCA,AGGATG,homozygous
34,ERVB4_2B-LTR_MM,end,Chr10,8060963,+,0,AAAATATTATCCATCAGTCACTGGA,GTCTCTCTCTACCCCCCATTTGGTTATTAGGAGGAGGTCCCCTCGAGATCCTCGAATAACTGGACCTGCTGGACGGGTCA,AAAATA,homozygous
34,ERVB4_2B-LTR_MM,start,Chr10,8060963,+,0,TGGTAAACAGGGGACAATCAAAATA,TGTTGGGAGCCATTAAGGCAACGCTATTGTCCTGATCTCTGAATTGGGCCTCTCCCCCTGAGAAGAAAAGGGGGTCAAAA,AAAATA,homozygous
35,ERVB4_2B-LTR_MM,end,Chr10,8176226,+,0,CCTCCAGGGTATATACCCTGTACAA,GTCTCTCTCTACCCCCCATTTGGTTATTAGGAGGAGGTCCCCTCGAGATCCTCGAATAACTGGACCTGCTGGACGGGTCA,CCTCCA,homozygous
35,ERVB4_2B-LTR_MM,start,Chr10,8176226,+,0,TATCTCATTGAGTTCTATTCCTCCA,TGTTGGGAGCCATTAAGGCAACGCTATTGTCCTGATCTCTGAATTGGGCCTCTCCCCCTGAGAAGAAAAGGGGGTCAAAA,CCTCCA,homozygous
36,ERVB4_2B-LTR_MM,end,Chr10,8737900,+,0,GTATAATTTTCATTGTGGGCACCTT,GTCTCTCTCTACCCCCCATTTGGTTATTAGGAGGAGGTCCCCTCGAGATCCTCGAATAACTGGACCTGCTGGACGGGTCA,GTATAA,homozygous
36,ERVB4_2B-LTR_MM,start,Chr10,8737900,+,0,AATGATTGACATTCTATGTGTATAA,TGTTGGGAGCCATTAAGGCAACGCTATTGTCCTGATCTCTGAATTGGGCCTCTCCCCCTGAGAAGAAAAGGGGGTCAAAA,GTATAA,homozygous
37,ERVB4_2B-LTR_MM,end,Chr10,10446127,+,0,CTTCCTGTTCCATCATCCCCAACTT,GTCTCTCTCTACCCCCCATTTGGTTATTAGGAGGAGGTCCCCTCGAGATCCTCGAATAACTGGACCTGCTGGACGGGTCA,CTTCCT,homozygous
37,ERVB4_2B-LTR_MM,start,Chr10,10446127,+,0,CTCCCCTTCCTCCTCATCTCTTCCT,TGTTGGGAGCCATTAAGGCAACGCTATTGTCCTGATCTCTGAATTGGGCCTCTCCCCCTGAGAAGAAAAGGGGGTCAAAA,CTTCCT,homozygous
38,ERVB4_2B-LTR_MM,end,Chr10,10480160,+,0,TGCAGGATGTTAGTGCTCAATTCGG,GTCTCTCTCTACCCCCCATTTGGTTATTAGGAGGAGGTCCCCTCGAGATCCTCGAATAACTGGACCTGCTGGACGGGTCA,,heterozygous
39,ERVB4_2B-LTR_MM,start,Chr10,10540196,+,0,GTGTGAGGTTCCTGAAGCCTGCTTG,TGTTGGGAGCCATTAAGGCAACGCTATTGTCCTGATCTCTGAATTGGGCCTCTCCCCCTGAGAAGAAAAGGGGGTCAAAA,TGCTTG,homozygous
39,ERVB4_2B-LTR_MM,end,Chr10,10540196,+,0,TGCTTGCTGCCGCAGGCCAACTTGT,GTCTCTCTCTACCCCCCATTTGGTTATTAGGAGGAGGTCCCCTCGAGATCCTCGAATAACTGGACCTGCTGGACGGGTCA,TGCTTG,homozygous
40,ERVB4_2B-LTR_MM,end,Chr10,10926647,+,0,TAAAGGCGTGAGCCACCACCGTCCA,GTCTCTCTCTACCCCCCATTTGGTTATTAGGAGGAGGTCCCCTCGAGATCCTCGAATAACTGGACCTGCTGGACGGGTCA,TAAAGG,homozygous
40,ERVB4_2B-LTR_MM,start,Chr10,10926647,+,0,TCAGAAATCCAACTGGGATTAAAGG,TGTTGGGAGCCATTAAGGCAACGCTATTGTCCTGATCTCTGAATTGGGCCTCTCCCCCTGAGAAGAAAAGGGGGTCAAAA,TAAAGG,homozygous
